author,created_utc,title,url
iTwalkers,1579842988,"Coronavirus: death toll rises to 26 in China, with 830 infected",https://www.theguardian.com/science/live/2020/jan/23/coronavirus-china-virus-flu-scotland-testing-wuhan-live-news-updates
GRang3r,1579816821,"Wuhan Coronavirus (nCoV-2019), visualised replicating in Monkey cells and is genetically linked to Bat coronaviruses, but is distinct from SARS. Early release, not peer reviewed.",https://www.biorxiv.org/content/10.1101/2020.01.22.914952v1
habibgalbi,1579809122,"Analysis of the genome of the Wuhan Coronavirus reveals that the natural reservoir might be snake, and that the virus may have been transmitted via bat. It appears to be a bat-hot-snake-host hybrid.",https://onlinelibrary.wiley.com/doi/abs/10.1002/jmv.25682
GRang3r,1579815690,"Wuhan Coronavirus (nCoV-2019), visualised replicating in Monkey cells and is genetically linked to Coronaviruses found in bats",https://www.biorxiv.org/content/10.1101/2020.01.22.914952v1.full.pdf+html
innoventive,1579816295,"Next generation countermeasure is required to contain the outbreak of acute respiratory syndrome caused by novel Wuhan coronavirus (2019-nCoV), which might belong to the same lineage as MERS- and SARS-CoV mentioned in WHO ""R&amp;D Blueprint"".",https://nextgenrnd.com/insights/insight-no-2/
Frocharocha,1579918713,"New coronavirus can spread between humans‚Äîbut it started in a wildlife market.The disease has spread to major cities like Beijing, Shanghai, and Shenzhen‚Äîas well as to neighboring Taiwan, Thailand, Japan, and South Korea‚Äîin just three weeks.",https://www.nationalgeographic.com/science/2020/01/new-coronavirus-spreading-between-humans-how-it-started/?cmpid=org=ngp::mc=social::src=youtube::cmp=editorial::add=yt2020024-science-coronavirus-wildlife-market::rid=
innoventive,1579882121,Wuhan coronavirus 2019-nCoV is transmitted from person to person - a new study from China suggests.,https://www.thelancet.com/pb-assets/Lancet/pdfs/S0140673620301549.pdf
chelsea707,1579876657,Why snakes probably aren‚Äôt spreading the new China virus. One genetic analysis suggests reptilian reservoir ‚Äî but researchers doubt that the coronavirus could have originated in animals other than birds or mammals.,https://www.nature.com/articles/d41586-020-00180-8
innoventive,1579869779,"Next generation countermeasure is required to contain the outbreak of acute respiratory syndrome caused by novel Wuhan coronavirus (2019-nCoV), which might belong to the same lineage as MERS- and SARS-CoV mentioned in WHO ""R&amp;D Blueprint"".",https://nextgenrnd.com/insights/insight-no-2/
dtlv5813,1579889484,China Novel coronavirus 2019-nCoV: early estimation of epidemiological parameters and epidemic predictions | medRxiv,https://www.medrxiv.org/content/10.1101/2020.01.23.20018549v1
Prerblo_Percrasso,1579887205,Simulation of coronavirus pandemic months ago predicted millions dead,https://www.businessinsider.com/scientist-simulated-coronavirus-pandemic-deaths-2020-1
TX908,1579868408,Coronavirus infections: More than just the common cold. Two earlier novel CoV outbreaks initially caused global havoc.,https://www.niaid.nih.gov/news-events/niaid-officials-discuss-novel-coronavirus-recently-emerged-china
skennedy987,1579889193,"The illness caused by 2019-nCoV coronavirus greatly resembles SARS, according to a new study on the clinical features of first 41 cases of the outbreak",https://www.thelancet.com/pb-assets/Lancet/pdfs/S0140673620301835.pdf
Sankuchithan_,1579926537,Coronavirus : China rush to build hospital in six days,https://nypost.com/2020/01/24/coronavirus-in-china-officials-rush-to-build-hospital-in-10-days/?utm_source=url_sitebuttons&amp;utm_medium=site%20buttons&amp;utm_campaign=site%20buttons
vauntedtrader,1579886118,"No, snakes probably aren‚Äôt the source of that new coronavirus in China",http://www.sciencenews.org/article/snakes-probably-not-source-spread-new-coronavirus-outbreak-china/amp
Kahnspiracy,1580000982,Coronavirus: John Hopkins University has a near realtime tracking map,https://gisanddata.maps.arcgis.com/apps/opsdashboard/index.html#/bda7594740fd40299423467b48e9ecf6
reddit455,1579998154,"Clinical features of patients infected with 2019 novel coronavirus in Wuhan, China",https://www.thelancet.com/journals/lancet/article/PIIS0140-6736(20)30183-5/fulltext
Harvard2TheBigHouse,1579939260,New coronavirus can cause infections with no symptoms and sicken otherwise healthy people: ‚Äúthe picture these two manuscripts paint is of a disease with a 3-6 day incubation period and insidious onset.‚Äù,https://www.statnews.com/2020/01/24/coronavirus-infections-no-symptoms-lancet-studies/
dtlv5813,1579950503,"DNA sleuths read the coronavirus genome, tracing its origins - STAT",https://www.statnews.com/2020/01/24/dna-sleuths-read-coronavirus-genome-tracing-origins-and-mutations/
rajeshk87,1579944735,Let's track and defeat 2019 Novel Coronavirus with this live interactive map!,https://medgic.co/virus
pesto10,1580003779,What you need to know about the mysterious coronavirus,https://www.catcuter.com
Der_Missionar,1579955662,"China's lab for studying SARS and other coronavirus deadly pathogens, is located in the epicenter of the coronavirus outbreak. Was known to test on animals. USA had warned about the security of viruses in the facility in the past.",https://www.dailymail.co.uk/health/article-7922379/Chinas-lab-studying-SARS-Ebola-Wuhan-outbreaks-center.html
Aziewa,1579948929,Expert says coronavirus is spread through eyes as killer disease 'shuts down China',https://www.azibase.com/2020/01/expert-says-coronavirus-is-spread.html?m=0
cavedave,1580051340,Novel coronavirus 2019-nCoV: early estimation of epidemiological parameters and epidemic predictions,https://www.medrxiv.org/content/10.1101/2020.01.23.20018549v1.full.pdf?fbclid=IwAR3pUge6YNrJGRk9aXHoIVt3jn_E-cPx8UCAvdMQvEa1ycb7tjaH7NJEXZw
The_Gramscian,1580041949,Coronavirus spreads before symptoms show,https://www.bbc.com/news/world-asia-china-51254523
Harvard2TheBigHouse,1580043966,Discovery of a novel coronavirus associated with the recent pneumonia outbreak in humans and its potential bat origin,https://www.biorxiv.org/content/10.1101/2020.01.22.914952v2
kiielz,1580034959,"1720 Plague, 1820 Cholera Outbreak, 1920 Spanish Flu, 2020 Chinese Coronavirus",https://knowledgetime.net/1720-plague-1820-cholera-outbreak-1920-bubonic-plague-2020-chinese-coronavirus/
medicgenius,1580047034,Inhibition of SARS Coronavirus Infection In Vitro with Clinically Approved Antiviral Drugs,https://www.ncbi.nlm.nih.gov/pmc/articles/PMC3323075/
Infernalism,1580065504,A familial cluster of pneumonia associated with the 2019 novel coronavirus indicating person-to-person transmission: a study of a family cluster,https://www.thelancet.com/journals/lancet/article/PIIS0140-6736(20)30154-9/fulltext
Harvard2TheBigHouse,1580071286,"Preliminary estimation of the basic reproduction number of novel coronavirus (2019-nCoV) in China, from 2019 to 2020: A data-driven analysis in the early phase of the outbreak",https://www.biorxiv.org/content/10.1101/2020.01.23.916395v1
k2v2p2,1580075111,"Clinical features of patients infected with 2019 novel coronavirus in Wuhan, China",https://www.thelancet.com/journals/lancet/article/PIIS0140-6736(20)30183-5/fulltext?fbclid=IwAR21v_Wz-pmaEN9TwZd1aVhOLMU6YesDciWbVkZYZAvhrX5Eru23uYA_jLk
MistWeaver80,1580120754,"Snakes probably aren‚Äôt the source of that new coronavirus in China. A new study reports snakes, such as the many-banded krait (pictured), may be behind a mysterious coronavirus outbreak in China. But some researchers say the data don‚Äôt support that conclusion.",https://www.sciencenews.org/article/snakes-probably-not-source-spread-new-coronavirus-outbreak-china
informationtiger,1580164460,Wuhan Huanan seafood market may not be source of novel coronavirus (2019-nCoV),https://www.sciencemag.org/news/2020/01/wuhan-seafood-market-may-not-be-source-novel-virus-spreading-globally
gari4107,1580184875,Dr Gabriel Leung Projection for Coronavirus.,https://youtu.be/CwXMPsbxFfo
Ayush_Mishra84,1580191809,"What is coronavirus, Symptoms, causes, Everything you should know",http://www.razorfact.com/2020/01/what-is-coronavirus.html
drang3,1580142449,"Here's a live map showing the spread, death toll and recovery rates of the coronavirus",https://gisanddata.maps.arcgis.com/apps/opsdashboard/index.html#/bda7594740fd40299423467b48e9ecf6
ilikechonkycats,1580247933,"The Wuhan coronavirus has been isolated in an Australian lab, the first to do so outside of China - an important step in potential development of a new vaccine",https://www.abc.net.au/news/2020-01-29/wuhan-coronavirus-created-in-australian-lab-outside-of-china/11906390
primothepom,1580278704,One step closer to defeating the Wuhan Coronavirus,https://www.abc.net.au/news/2020-01-29/wuhan-coronavirus-created-in-australian-lab-outside-of-china/11906390?pfmredir=sm&amp;sf229100222=1&amp;fbclid=IwAR2HCOMZB-RlbmgrCHEsZNoQ6FgtgAiwdjyqI5-oc0h-sGwSPT9jdqr0pqc
Memetic1,1580199702,Experts Warn of Possible Sustained Global Spread of New Coronavirus,https://www.scientificamerican.com/article/experts-warn-of-possible-sustained-global-spread-of-new-coronavirus/
Frocharocha,1580215986,Experts Warn of Possible Sustained Global Spread of New Coronavirus. Failure to stop it there could see the virus spread in a sustained way around the world and even perhaps join the ranks of respiratory viruses that regularly infect people.,https://www.scientificamerican.com/article/experts-warn-of-possible-sustained-global-spread-of-new-coronavirus/
Harvard2TheBigHouse,1580233530,China coronavirus: Hong Kong researchers have already developed vaccine but need time to test it,https://amp.scmp.com/news/hong-kong/health-environment/article/3047956/china-coronavirus-hong-kong-researchers-have?__twitter_impression=true
lokendra15,1580228703,"Coronavirus Live Updates: Hong Kong Restricts Travel From Mainland China as Infections Exceed 4,500",https://news.coupondip.com/blog/coronavirus-live-updates-hong-kong-restricts-travel-from-mainland-china-as-infections-exceed-4500
bigsbyclayton243,1580243594,"Australian lab first outside China to re-create coronavirus, helping vaccine push",http://www.abc.net.au/news/2020-01-29/wuhan-coronavirus-created-in-australian-lab-outside-of-china/11906390
TPPA_Corporate_Thief,1580216592,The Deceptively Simple Number Sparking Coronavirus Fears,https://www.theatlantic.com/science/archive/2020/01/how-fast-and-far-will-new-coronavirus-spread/605632/
TimeVendor,1580207572,China Coronavirus Outbreak Updates Can Now Be Tracked Live Online with This Dashboard,https://gisanddata.maps.arcgis.com/apps/opsdashboard/index.html#/bda7594740fd40299423467b48e9ecf6
ebunolu1,1580242922,Here is what coronavirus does to the lungs and how it affects the body,https://www.bbngnews.com/2020/01/here-is-what-coronavirus-does-to-lungs.html
primothepom,1580275006,One step closer to defeating the Wuhan Coronavirus,https://mobile.abc.net.au/news/2020-01-29/wuhan-coronavirus-created-in-australian-lab-outside-of-china/11906390?pfmredir=sm&amp;sf229100222=1&amp;fbclid=IwAR2HCOMZB-RlbmgrCHEsZNoQ6FgtgAiwdjyqI5-oc0h-sGwSPT9jdqr0pqc
Falaflewaffle,1580267509,Preliminary Risk Analysis of Novel Coronavirus (2019-nCoV) Spread,https://www.worldpop.org/events/china
[deleted],1580247124,"The Wuhan coronavirus has been cultured in an Australian lab, the first to do so outside of China - an important step potential development of a new vaccine",https://www.abc.net.au/news/2020-01-29/wuhan-coronavirus-created-in-australian-lab-outside-of-china/11906390
profvrr1,1580262524,"This Week in Virology 584: Year of the coronavirus We had a coronavirus expert, Ralph Baric, on the latest episode of the science podcast This Week in Virology (TWiV). It is worth listening to for good information on the latest outbreak in China",http://www.microbe.tv/twiv/twiv-584
ct227,1580301581,"Scientists in Australia have become the first to recreate the new coronavirus outside of China in what they have called a ""significant breakthrough""",https://www.bbc.co.uk/news/amp/world-australia-51289897
OudeStok,1580338508,For 'Wuhan Coronavirus' read 'common cold' - the global panic is TOTALLY unfounded...,https://www.theguardian.com/world/2020/jan/29/what-is-the-coronavirus-symptoms-china-wuhan-virus-sars-infection
Harvard2TheBigHouse,1580325496,"Epidemiological study of 99 Wuhan Coronavirus cases over 3 weeks calculates an 11% mortality rate - ""However, additional deaths might occur in those still hospitalized.""",https://marlin-prod.literatumonline.com/pb-assets/Lancet/pdfs/S0140673620302117.pdf
shiruken,1580319289,"Largest clinical dataset of initial cases of the Wuhan coronavirus (2019-nCoV) has been published in The Lancet medical journal. Of the 99 included patients, 49% had history of exposure to the Huanan seafood market. 39% have been discharged and 11% have died. [PDF]",https://www.thelancet.com/pb-assets/Lancet/pdfs/S0140673620302117.pdf
stereomatch,1580337007,"Study suggests the Wuhan coronavirus had a relatively recent jump to humans (9 chinese cases studied had 99.98% same genetic sequence - so not much divergence), and the likely source is a bat (coronavirus variants there shares 88% of genetic sequence) compared to 79% with SARS and 50% with MERS",https://www.thelancet.com/pb-assets/Lancet/pdfs/S0140673620302518.pdf
judine,1580332054,Researchers Are Racing to Make a Coronavirus Vaccine. Will It Help?,https://womenssoft.com/2020/01/29/researchers-are-racing-to-make-a-coronavirus-vaccine-will-it-help/2/
deadslow,1580287713,"Govt of India is promoting Homeopathy, Ayurveda and Unani to fight Coronavirus",https://pib.gov.in/PressReleasePage.aspx?PRID=1600895#
oh-cock,1580361926,Indian government recommends homeopathy to tackle coronavirus,https://www.theweek.in/news/world/2020/01/29/indian-government-recommends-homeopathy-to-treat-coronavirus.html
Frocharocha,1580387552,"Coronavirus mortality rate is that less than five percent, but far more contagious than SARS. British scientist estimates that each Coronavirus patient infects on avarage 2.6 others - making It roughly as infectious as annual influenza outbreaks.",https://www.sciencealert.com/here-s-what-scientists-do-and-don-t-know-about-wuhan-coronavirus-so-far
Frocharocha,1580399191,"More Chinese push to end wildlife markets as coronavirus outbreak grows. The spread of a deadly strain of coronavirus, sourced to a wildlife market in Wuhan and now a global epidemic, has thrust China‚Äôs live wild animal trade into the spotlight.",https://www.nationalgeographic.com/animals/2020/01/china-bans-wildlife-trade-after-coronavirus-outbreak/
naijaboss,1580427312,China‚Äôs richest man Jack Ma donates ¬£11m to help tackle coronavirus,https://preciousnaija.com/chinas-richest-man-jack-ma-donates-11m-to-help-tackle-coronavirus/
moneekautumn,1580392285,They are considered the probable source of the coronavirus outbreak spreading from China. It turns out that they may have an immune system that lets them coexist with many disease-causing viruses.,https://www.nytimes.com/2020/01/28/science/bats-coronavirus-Wuhan.html
donaldej,1580414488,Coronavirus declared global health emergency,https://www.bbc.com/news/world-51318246
donaldej,1580413282,Coronavirus spreads for first time in U.S,https://iptvmasala.com/coronavirus/
[deleted],1580432014,"There's only one way to know if you have the coronavirus, and it involves machines full of spit and mucus",https://www.businessinsider.com/how-to-know-if-you-have-the-coronavirus-pcr-test-2020-1
alissonkalel,1580430648,"Updated understanding of the outbreak of 2019 novel coronavirus (2019-nCoV) in Wuhan, China. - PubMed",https://www.ncbi.nlm.nih.gov/pubmed/31994742
Yhmab,1580430869,Hey guys I have a YouTube channel with a simple short idea would mean everything if you check it out I uploaded a video about coronavirus really fun video. Thank you guys,https://youtu.be/htekGpG-f2Y
Harvard2TheBigHouse,1580396821,Ominous Data Emerge About Early Coronavirus Transmission: Human-to-human transmission in China likely occurred from near the beginning,https://www.medpagetoday.com/infectiousdisease/publichealth/84620
gattaca_now,1580503286,"BREAKING: Indian scientists have found HIV (AIDS) virus-like insertions in all the 2019-nCov virus, available from the recent clinical isolates, that are not found in any other coronavirus, including the 2019-nCoV virus of Bat as a host. (direct link to paper pdf, heavy load, might be slow)",https://www.biorxiv.org/content/10.1101/2020.01.30.927871v1.full.pdf
oh-cock,1580465402,Indian government slammed for recommending homeopathy for coronavirus prevention,https://www.ctvnews.ca/health/indian-government-slammed-for-recommending-homeopathy-for-coronavirus-prevention-1.4790833
Frocharocha,1580476037,"As the World Health Organization declares a global health emergency on Wuhan Virus, researchers are worried that as the China coronavirus spreads, the pathogen could mutate so it can spread more efficiently. Australian scientists say it had spread too far, too quickly to really be contained.",https://www.nature.com/articles/d41586-020-00236-9
java007md,1580485444,New coronavirus threat galvanizes scientists,https://www.sciencemagazinedigital.org/sciencemagazine/31_january_2020/MobilePagedArticle.action?articleId=1557074&amp;app=false#articleId1557074
TX908,1580509646,"Nowcasting and forecasting the potential domestic and international spread of the coronavirus (2019-nCoV). In the baseline scenario, researchers estimated that 75,815 individuals have been infected in Wuhan as of Jan 25, 2020.",https://www.thelancet.com/journals/lancet/article/PIIS0140-6736(20)30260-9/fulltext
kngpwnage,1580538549,Nurse within Wuhan illuminates the status of the Coronavirus Outbreak,https://youtu.be/yQflXs0jZ9w
shiruken,1580517225,Have a question about the 2019 novel coronavirus (2019-nCoV)? Check out this discussion in r/AskScience!,/r/askscience/comments/ewwmem/have_a_question_about_the_2019_novel_coronavirus/
thebolda,1580526423,Coronavirus broken down expertly by these youtubers,https://youtu.be/OTYfke545vI
savvas_lampridis,1580485508,"Wuhan coronavirus receptors show similarities to SARS virus, new analysis shows. Therefore, Wuhan coronavirus evolution in patients should be closely monitored for the emergence of new mutations, in order to predict the possibility of a more serious outbreak than has been seen so far.",https://asm.org/Press-Releases/2020/Novel-Coronavirus-2019-nCoV-Receptors-Shows-Simila
savvas_lampridis,1580500457,"A new study estimates the spread of 2019 novel Coronavirus. The authors caution that given the lack of a robust and detailed timeline of records of suspected, probable and confirmed cases and close contacts, the true size of the epidemic and its pandemic potential remains unclear.",https://www.eurekalert.org/pub_releases/2020-01/tl-tlm013120.php
TX908,1580509604,"Nowcasting and forecasting the potential domestic and international spread of the coronavirus (2019-nCoV). In the baseline scenario, researchers estimated that 75,815 individuals have been infected in Wuhan as of Jan 25, 2020.",https://www.sciencedaily.com/releases/2020/01/200131114753.htm
Harvard2TheBigHouse,1580582534,"The first U.S. patient identified as being infected with the novel coronavirus presented at an urgent care clinic with mild symptoms that were indistinguishable clinically from common infections, especially respiratory illnesses seen during the winter.",https://www.nejm.org/doi/full/10.1056/NEJMoa2001191
oh-cock,1580553346,"Coronavirus can be treated by cow urine, dung: Hindu Mahasabha president",https://www.indiatvnews.com/news/india/coronavirus-treatment-cow-urine-cow-dung-hindu-mahasabha-president-swami-chakrapani-maharaj-584736
ZombieLord1,1580587129,"Radiographic features of Novel coronavirus-infected pneumonia, clinical manifestation in a 40 y.o. woman traveling from Wuhan.",https://radiopaedia.org/cases/2019-novel-coronavirus-infected-pneumonia
igotl2k,1580626279,Scientists saw coronavirus coming and had been warning us for years,https://www.inverse.com/science/scientists-saw-coronavirus-coming-warning-us-for-decades
aryankashyap_,1580619552,Coronavirus in a nutshell,https://aryankashyap.com/coronavirus-in-a-nutshell
shabby25,1580560277,Chinese doctors released chest X-rays of a 33-year-old coronavirus patient that show what the illness looks like in her lungs,https://www.businessinsider.com/doctors-release-chest-x-ray-wuhan-coronavirus-patient-2020-1
itsallbullshityo,1580606801,Genomic epidemiology of novel coronavirus (nCoV),https://nextstrain.org/ncov
jiribin80,1580617396,"Preliminary estimation of the basic reproduction number of novel coronavirus (2019-nCoV) in China, from 2019 to 2020: A data-driven analysis in the early phase of the outbreak",https://www.sciencedirect.com/science/article/pii/S1201971220300539
Frocharocha,1580687655,"Thai doctors have seen success in treating severe cases of the new coronavirus with a combination of medications for flu and HIV, with initial results showing vast improvement 48 hours after applying the treatment.",https://www.businessinsider.com/coronavirus-treatment-cocktail-of-flu-hiv-drugs-2020-2
chemgrace,1580651416,Italian research team isolates the coronavirus (art. in ita),https://www.open.online/2020/02/02/coronavirus-a-isolarlo-un-team-tutto-al-femminile-la-direttrice-dello-spallanzani-ora-piu-semplice-trovare-un-vaccino/
nachiboin,1580667487,Signs in the Munich airport now warn travelers about the new coronavirus. Data from doctors charting contacts between coworkers in Germany who became ill with the virus suggest some people may spread it before they develop symptoms.,https://www.sciencenews.org/article/first-case-coronavirus-spread-person-no-symptoms-found-germany
edd_125,1580645589,Cure found for coronavirus!,https://www.dailymail.co.uk/news/article-7957889/Thai-medics-claim-coronavirus-break-Patient-declared-disease-free-48-hours.html
Ejwin555,1580654694,Precautions against coronavirus,https://youtu.be/QEO83tptg4A
gary23w,1580708748,5 Best Top Rated Coronavirus Home HEPA Air Purifiers In 2020,https://the-latest.news/2020/02/01/5-best-coronavirus-home-hepa-air-purifiers-in-2020/
Frocharocha,1580687639,"hai doctors have seen success in treating severe cases of the new coronavirus with a combination of medications for flu and HIV, with initial results showing vast improvement 48 hours after applying the treatment.",https://www.businessinsider.com/coronavirus-treatment-cocktail-of-flu-hiv-drugs-2020-2
Racing_Statistics,1580640189,üî¥ [LIVE] WUHAN Novel Coronavirus - World Map &amp; Counter,https://www.youtube.com/watch?v=H4aeftHdGXw
Frocharocha,1580784187,"Wuhan Coronavirus Likely to Soon Be Declared a Pandemic. ""It is therefore likely that it will spread, as flu and other organisms do, but we still don't know how far, wide, or deadly it will be.""",https://www.sciencealert.com/scientists-think-the-wuhan-coronavirus-might-soon-be-declared-a-pandemic
Dependent_Reporter,1580780225,"Coronavirus death rate tiny - only 45% of patients eventually die, more than half actually recover",http://www.xinhuanet.com/english/2020-02/03/c_138751364.htm
Incy-wincy-spider,1580723486,A pneumonia outbreak associated with a new coronavirus of probable bat origin,https://www.nature.com/articles/s41586-020-2012-7
5teviewonder5,1580744476,A new coronavirus associated with human respiratory disease in China,https://www.nature.com/articles/s41586-020-2008-3
madman123098,1580758432,CORONAVIRUS - great article on everything we know so far.,https://publiq.site/s/GJhDrtp2uRkWFZNmJhQHnjFCC1syfc9GFhrzFvKq1wvK
Chewboddy,1580767965,Is China covering up the true coronavirus death with mass cremations? And do the two new hospitals have inbuilt crematoriums?,https://www.news.com.au/lifestyle/health/health-problems/chinese-authorities-ban-burials-and-funerals-in-favour-of-instant-cremation/news-story/b0e7a912de24528b9e8bf5af628aa449
5teviewonder5,1580744417,A new coronavirus associated with human respiratory disease in China: It might be bats after all!,https://www.nature.com/articles/s41586-020-2008-3
Incy-wincy-spider,1580723503,A new coronavirus associated with human respiratory disease in China,https://www.nature.com/articles/s41586-020-2008-3
shrine,1580762638,"'It‚Äôs a Moral Imperative:' Archivists Made a Directory of 5,000 Coronavirus Studies to Bypass Paywalls",https://www.vice.com/en_us/article/z3b3v5/archivists-are-bypassing-paywalls-to-share-studies-about-coronaviruses?utm_source=reddit.com
ewlm007,1580759448,novel coronavirus,https://www.youtube.com/watch?v=7ioEe7f3KGM&amp;feature=share
GeekygamerPro,1580781872,Kerala government declares coronavirus as state calamity | OnlyScoop,https://onlyscoop.com/news/kerala-government-declares-coronavirus-as-state-calamity-212
kaiser44de,1580735191,Spread of Coronavirus in January (12-31),https://www.youtube.com/watch?v=0FUCS0hnXsQ&amp;feature=youtu.be
Gnaneshwar_Gaddam,1580750073,Trojan Alert: Hackers Are Using Coronavirus Scare to Spread Emotet Malware in Japan ‚ò¢Ô∏è,https://www.techapis.in/2020/02/trojan-alert-hackers-are-using-coronavirus-scare-to-spread-emotet-malware-in-japan.html
half-taught-wrong,1580870115,Coronavirus on a cruise ship - 10 out of 31 tests positive so far,https://www.japantimes.co.jp/news/2020/02/05/national/science-health/quarantined-japanese-cruise-ship-infected-coronavirus/
thebloodyaugustABC,1580808584,Study claiming new coronavirus can be transmitted by people without symptoms was flawed,https://www.sciencemag.org/news/2020/02/paper-non-symptomatic-patient-transmitting-coronavirus-wrong
shikharblogs,1580810732,everything you need to know about coronavirus,https://pandeyshikhar.blogspot.com/2020/02/coronavirus.html?m=1
Aziewa,1580813819,Coronavirus: Scientists hoping to treat symptoms with existing antiviral medications,https://www.azibase.com/2020/02/coronavirus-scientists-hoping-to-treat.html?m=1
mingy,1580918889,AI Predicts Coronavirus Vulnerable to HIV's Atazanavir,https://www.genengnews.com/artificial-intelligence/ai-predicts-coronavirus-vulnerable-to-hivs-atazanavir/
nachiboin,1580896826,Coronavirus global death toll soars to nearly 500,https://www.cnn.com/asia/live-news/coronavirus-outbreak-02-05-20-intl-hnk/index.html
SumaZero,1580924242,"Cient√≠ficos alemanes: ""Coronavirus tambi√©n se transmite con s√≠ntomas leves"". Incluso sin fiebre. Entonces, ¬øc√≥mo detectarlo para prevenir?",https://www.europost.info/2020/02/cientificos-alemanes-coronavirus.html
astanamufasa,1580927632,The molecule of the month is Coronavirus Protease. It is a heart shaped protease. See it for yourself.,https://www.rcsb.org/3d-view/6LU7/1
astanamufasa,1580927331,The molecule of the month is Coronavirus Protease. It is a heart shaped protease. See it for yourself.,https://www.rcsb.org/3d-view/6LU7/1
nachiboin,1580896708,Coronavirus global death toll soars to nearly 500,https://amp.cnn.com/cnn/asia/live-news/coronavirus-outbreak-02-05-20-intl-hnk/index.html?__twitter_impression=true
ScienceModerator,1580998023,"Science Discussion Series: The novel coronavirus outbreak is in the news so let‚Äôs talk about it! We‚Äôre experts in infectious disease and public health, let‚Äôs discuss!",https://www.reddit.com/r/science/comments/ezstsw/science_discussion_series_the_novel_coronavirus/
nailpolisher,1581024350,Video on How to Survive a Pandemic Like the Coronavirus in Under Two Minutes,https://youtu.be/_kzHDtH2rjQ
Toadfinger,1581030025,"The Wuhan Coronavirus, Climate Change, and Future Epidemics",https://time.com/5779156/wuhan-coronavirus-climate-change/
CTHUSA,1581042536,"What You Should Do About the Coronavirus If You Live in America | It's important to listen to the CDC, and remember to be Alert, not anxious.",https://www.procollar.org/index.php/2020/02/06/american-advice-for-virus-28/
TrixyUkulele,1581074897,Re-creating live-animal markets in the lab lets researchers see how pathogens like coronavirus jump species,https://theconversation.com/re-creating-live-animal-markets-in-the-lab-lets-researchers-see-how-pathogens-like-coronavirus-jump-species-130773
PinkyWrinkle,1581118011,UCSC Genome Browser posts the coronavirus genome,https://www.soe.ucsc.edu/news/ucsc-genome-browser-posts-coronavirus-genome?fbclid=IwAR0qbxND3QOwadpxS_vJRyrNANYKWPeRI9RoWEa6eLYBB5Cx2KIaVT5zGsk
alissonkalel,1581100374,First childhood flu helps explain why virus hits some people harder than others: Researchers also report that travel-related screening for coronavirus will identify less than half of those infected,https://www.sciencedaily.com/releases/2020/02/200204094722.htm
DarthTater,1581095523,Did pangolins spread the China coronavirus to people? Genetic sequences of viruses isolated from the scaly animals are 99% similar to that of the circulating virus ‚Äî but the work is yet to be formally published.,https://www.nature.com/articles/d41586-020-00364-2
ankitarora05,1581109664,Coronavirus: china in quarantine mode as threat still looms large,https://photodollar.in/responses/5e3dacb53d3f2406e7ffffb6
JLBesq1981,1581208633,"Clinical Characteristics of 138 Hospitalized Patients With 2019 Novel Coronavirus‚ÄìInfected Pneumonia in Wuhan, China",https://jamanetwork.com/journals/jama/fullarticle/2761044
ViKKed,1581208324,Did pangolins spread the China coronavirus to people?,https://www.nature.com/articles/d41586-020-00364-2
heroeno,1581270774,Coronavirus Is Bad. Comparing It to the Flu Is Worse,https://www.bluechipsupply.com/blogs/news/coronavirus-is-bad-comparing-it-to-the-flu-is-worse-1
heroeno,1581277688,Bill and Melinda Gates Foundation &amp; Others Predicted Up To 65 Million Deaths Via Coronavirus ‚Äì In Simulation Ran 3 Months Ago!,https://www.bluechipsupply.com/blogs/news/bill-and-melinda-gates-foundation-others-predicted-up-to-65-million-deaths-via-coronavirus-in-simulation-ran-3-months-ago
SumaZero,1581243597,Confirmado: segundo caso de coronavirus en Espa√±a,https://www.europost.info/2020/02/confirmado-segundo-caso-de-coronavirus.html
SumaZero,1581240473,OMS: advierte de la escasez de material de protecci√≥n ante el coronavirus,https://www.europost.info/2020/02/oms-advierte-de-la-escasez-de-material.html
Drpoofaloof,1581374229,Coronavirus is modeled to be infecting 10 times more people than China is reporting,https://systems.jhu.edu/research/public-health/ncov-model-2/
SecretAgentIceBat,1581352568,"Potential Maternal and Infant Outcomes from (Wuhan) Coronavirus 2019-nCoV Infecting Pregnant Women: Lessons from SARS, MERS, and Other Human Coronavirus Infections",https://www.mdpi.com/1999-4915/12/2/194
vamsh22224,1581352581,Coronavirus vaccine,https://youtu.be/eZA1KbcQ1CM
Nazimabdullah,1581456344,Top 10 Myth about Coronavirus,https://youtu.be/fpZ2kKCbTfU
UKperveyor,1581424649,Coronavirus,https://www.coronavirus.co.uk
Scarachus,1581488817,"Hong Kong PolyU Researchers develop diagnostic system to test for up to 40 different viruses causing respiratory infections in 1 hour, including the novel coronavirus",https://amp.scmp.com/news/hong-kong/health-environment/article/3050036/researchers-hong-kongs-polyu-develop-diagnostic
ownergetaka,1581413024,Engendered Pangolin may have spread coronavirus; Chinese Scientists say,https://getaka.co.in/pangolin-coronavirus/
kirk7784,1581538481,Possible Coronavirus Vaccine by San Diego Lab,https://www.cbs8.com/article/news/health/coronavirus/coronavirus-vaccine-san-diego/509-e18e37f6-347c-4b08-ad33-910968abb04f
Sprinklys,1581575383,"The Novel Coronavirus, 2019-nCoV, is Highly Contagious and More Infectious Than Initially Estimated",https://www.medrxiv.org/content/10.1101/2020.02.07.20021154v1.full.pdf
Frocharocha,1581520800,"WHO officially names coronavirus disease ""COVID-19"". Shortly after the WHO announced the disease‚Äôs official name, the virus causing it was named SARS-CoV-2 by the International Committee on Taxonomy of Viruses.",https://www.nature.com/articles/d41586-020-00154-w
Lightfiend,1581535840,Study shows increased hand hygiene at top 10 airports can reduce spread of coronavirus by 37 percent,https://www.eurekalert.org/pub_releases/2020-02/sfra-ssi021220.php
lokendra15,1581568883,The Coronavirus Outbreak : What do you need to know?,https://news.coupondip.com/blog/the-coronavirus-outbreak-what-do-you-need-to-know
Frocharocha,1581520755,"\WHO officially names coronavirus disease ""COVID-19"". Shortly after the WHO announced the disease‚Äôs official name, the virus causing it was named SARS-CoV-2 by the International Committee on Taxonomy of Viruses.",https://www.nature.com/articles/d41586-020-00154-w
Nysul,1581563776,"Clinical Characteristics of Patients With 2019 Novel Coronavirus (2019-nCoV)‚ÄìInfected Pneumonia in Wuhan, China",https://jamanetwork.com/journals/jama/fullarticle/2761044
SobeyHarker,1581520602,AMA with head mod of Coronavirus &amp; China Flu now live.,https://www.reddit.com/r/Coronavirus/comments/f2sedc/i_am_clo_junkie_moderator_of_this_and_other/?utm_source=share&amp;utm_medium=ios_app&amp;utm_name=iossmf
bushki,1581660824,Identification of a novel coronavirus causing severe pneumon... : Chinese Medical Journal,https://journals.lww.com/cmj/Abstract/publishahead/Identification_of_a_novel_coronavirus_causing.99423.aspx
hobosaywhat,1581708556,"Coronavirus vaccine: Inovio Pharmaceuticals lab in San Diego identifies possible vaccine in 3 hours, but testing will take months",https://www.cbsnews.com/news/coronavirus-vaccine-san-diego-lab-inovio-pharmaceuticals-discovered-drug-testing/
FearLess_Alpha,1581745222,Coronavirus - San Diego lab discovers COVID-19 vaccine in 3 hours,https://www.abc10.com/article/news/health/coronavirus/coronavirus-vaccine-san-diego/509-e18e37f6-347c-4b08-ad33-910968abb04f
TX908,1581714249,"World Health Organization underestimates the spread of the Coronavirus. A contaminated person transmits the virus to 2.79 people, according to new study.",https://www.umu.se/en/news/who-underestimates-the-spread-of-the-coronavirus_8876701/
Sprinklys,1581743956,A Simulation on Potential Secondary Spread of Novel Coronavirus in an Exported Country Using a Stochastic Epidemic SEIR Model,https://www.preprints.org/manuscript/202002.0179/v1
Scheissebastard,1581805424,Nature lifts the paywall from all articles regarding the coronavirus CoV-2,http://www.springernature.com/gp/researchers/campaigns/coronavirus
Andy22-7,1581764428,"Virologists are skeptical if surgical masks protect against airborne viruses, such as the coronavirus, because they are to lose, do not have an air filter and leave the eyes exposed. Still they provide some protection from hand-to-mouth transmission.",https://www.bbc.com/news/health-51205344
DovySimuMMA,1581936904,Very few infants seem to be getting sick with the new coronavirus,https://www.sciencenews.org/article/new-coronavirus-china-infections-very-few-infants-getting-sick
Wildlyeco,1582065620,"To Fight Coronavirus Outbreak, Doctors Deploy Drugs Targeting HIV, Malaria and Ebola",https://www.scientificamerican.com/article/to-fight-coronavirus-outbreak-doctors-deploy-drugs-targeting-hiv-malaria-and-ebola/
Rayelx,1582163414,"Coronavirus 'spike' protein just mapped, leading way to vaccine",https://www.livescience.com/coronavirus-spike-protein-structure.html?utm_source=notification
PHealthy,1582151911,Health officials brace for coronavirus spread to Africa as modelling study reveals most vulnerable countries,https://nationalpost.com/health/health-officials-brace-for-coronavirus-spread-to-africa-as-modelling-study-reveals-most-vulnerable-countries
Bromtom,1582179373,How does the new coronavirus compare with the flu? | Live Science,https://www.livescience.com/new-coronavirus-compare-with-flu.html
Scarlett0318,1582178170,Nature Reviews: Novel Coronavirus (2019-nCoV) Treatment Options | Huateng Pharma,http://en.huatengsci.com/article/122.html
Ford456fgfd,1582182367,"Coronavirus 'spike' protein just mapped, leading way to vaccine",https://www.livescience.com/coronavirus-spike-protein-structure.html?utm_source=notification
jcvzneuro,1582125181,"In a new study just published in the journal Science, researchers outline their work that could be considered a major step towards the development of a viable vaccine for the 2019 novel coronavirus",https://www.technologynetworks.com/proteomics/news/molecular-structure-of-coronavirus-protein-marks-critical-step-towards-vaccine-331042?fbclid=IwAR3xtSK2GxdkcCcyBoAWgZLkx48O3WnCoyHNJjtMYWF9fjSV6WuClvna_AQ
Fad3in,1582268031,Here is what the coronavirus does to the body,https://www.google.com.sg/amp/s/api.nationalgeographic.com/distribution/public/amp/science/2020/02/here-is-what-coronavirus-does-to-the-body
B4BharathTech,1582214115,#CoronaVirus Updates from China - Wuhan Virus Outbreaking Facts,https://youtu.be/c0eAX8HdX2I
arne_988,1582218671,Epidemiologic Analysis of Wuhan Coronavirus Demonstrates Up To Two-Week-Long Incubation Period and One-Week Doubling Time,https://immunofrontiers.com/epidemiologic-analysis-of-wuhan-coronavirus-demonstrates-up-to-two-week-long-incubation-period-and-one-week-doubling-time
[deleted],1582216766,Epidemiologic Analysis of Wuhan Coronavirus Demonstrates Prolonged Incubation Period and Rapid Doubling Time,https://immunofrontiers.com/epidemiologic-analysis-of-wuhan-coronavirus-demonstrates-up-to-two-week-long-incubation-period-and-one-week-doubling-time
Ford456fgfd,1582199172,"Coronavirus 'spike' protein just mapped, leading way to vaccine",https://www.livescience.com/coronavirus-spike-protein-structure.html?utm_source=notification
arne_988,1582218659,Epidemiologic Analysis of Wuhan Coronavirus Demonstrates Up To Two-Week-Long Incubation Period and One-Week Doubling Time,https://immunofrontiers.com/epidemiologic-analysis-of-wuhan-coronavirus-demonstrates-up-to-two-week-long-incubation-period-and-one-week-doubling-time
arne_988,1582217963,Epidemiologic Analysis of Wuhan Coronavirus Demonstrates Up To Two-Week-Long Incubation Period and One-Week Doubling Time,https://immunofrontiers.com/epidemiologic-analysis-of-wuhan-coronavirus-demonstrates-up-to-two-week-long-incubation-period-and-one-week-doubling-time
arne_988,1582218170,Epidemiologic Analysis of Wuhan Coronavirus Demonstrates Up To Two-Week-Long Incubation Period and One-Week Doubling Time,https://immunofrontiers.com/epidemiologic-analysis-of-wuhan-coronavirus-demonstrates-up-to-two-week-long-incubation-period-and-one-week-doubling-time
TylerSpicknell,1582306344,"To tackle the new coronavirus, scientists are accelerating the vaccine process",https://www.sciencenews.org/article/new-coronavirus-vaccine-development-process-accelerating/amp
netbej,1582286848,"The World Health Organization Underestimates The Spread Of The COVID-19 Coronavirus, According To A New Magazine, In A Review Of Previous Studies",https://www.tips16.com/the-world-health-organization-underestimates-the-spread-of-the-covid-19-coronavirus-according-to-a-new-magazine-in-a-review-of-previous-studies/
arne_988,1582305664,Study Evaluating Clinical Features of Coronavirus Demonstrates Pneumonia and Severe Respiratory Complications,https://immunofrontiers.com/study-evaluating-clinical-features-of-coronavirus-demonstrates-pneumonia-and-severe-respiratory-complications
HeinieKaboobler,1582307003,"A group of researchers has figured out the molecular structure of a key protein that the coronavirus uses to invade human cells, potentially opening the door to the development of a vaccine",https://www.scientificamerican.com/article/researchers-map-structure-of-coronavirus-spike-protein/
BioTechnophile,1582318601,2min Read : Coronavirus,https://howbiotech.com/coronavirus-symptoms-diagnosis-treatment-and-precautions/
netbej,1582378820,"Scientists Produce A 3D Map Of The Spike Protein Of SARS-CoV-2, Researchers Have Made A Breakthrough To Develop A Vaccine Against The Coronavirus Of SARS-CoV-2",https://www.tips16.com/scientists-produce-a-3d-map-of-the-spike-protein-of-sars-cov-2-researchers-have-made-a-breakthrough-to-develop-a-vaccine-against-the-coronavirus-of-sars-cov-2/
netbej,1582436640,"Remdesivir: The Experimental Antiviral Drug Is Promising Against The MERS Virus In Rhesus Macaques, The Middle East Respiratory Syndrome Coronavirus",https://www.tips16.com/remdesivir-the-experimental-antiviral-drug-is-promising-against-the-mers-virus-in-rhesus-macaques-the-middle-east-respiratory-syndrome-coronavirus/
twistedlogicx,1582529855,"Coronavirus outbreak nearing pandemic 'tipping point', say experts",https://www.independent.co.uk/news/health/coronavirus-latest-uk-cases-pandemic-infections-outbreak-wuhan-europe-covid-19-a9353891.html
twistedlogicx,1582528850,"Coronavirus outbreak nearing pandemic 'tipping point', say experts",https://www.independent.co.uk/news/health/coronavirus-latest-uk-cases-pandemic-infections-outbreak-wuhan-europe-covid-19-a9353891.html
nCoronavirus-2019,1582517617,"A new Chinese coronavirus outbreak, a cousin of the SARS virus, has infected hundreds or thousands since the outbreak begin in Wuhan, China, in December 2019, that has a name of Novel Coronavirus. Scientist Leo Poon, who first discovered the virus.......",http://novel-coronavirus.org/
Visual-Salamander,1582546799,Coronavirus epidemic snarls science worldwide,https://science.sciencemag.org/content/367/6480/836
alissonkalel,1582575133,"World must prepare for 'potential pandemic': WHO chief - The World Health Organization chief on Monday warned countries to prepare for a ""potential pandemic"" of new coronavirus, calling the sudden increase in cases in Iran, Italy and South Korea ""deeply concerning"".",https://medicalxpress.com/news/2020-02-world-potential-pandemic-chief.html
brianscott690,1582616391,In case you aren‚Äôt all aware! Everyone is going to get the Coronavirus! It‚Äôs a pandemic!,https://www.google.com/amp/s/amp.theatlantic.com/amp/article/607000/
twistedlogicx,1582564693,"Coronavirus: covid-19 has killed more people than SARS and MERS combined, despite lower case fatality rate",https://www.bmj.com/content/368/bmj.m641
quintol,1582597416,Rosetta‚Äôs role in fighting coronavirus,https://www.ipd.uw.edu/2020/02/rosettas-role-in-fighting-coronavirus/
ultraHQ,1582605562,Drugmaker Moderna Delivers First Experimental Coronavirus Vaccine for Human Testing,https://apple.news/A6-niluNrT7KT5Vzw1ohYvw
theamazzingworld,1582548748,Coronavirus symptoms and prevention,https://youtu.be/9YpBW-remUo
Koupka,1582656718,Lack of Innate Interferon Responses during SARS Coronavirus Infection in a Vaccination and Reinfection Ferret Model,https://www.ncbi.nlm.nih.gov/pmc/articles/PMC3454321/
